release_date	films	percentage	cumulative
1888-10	1	0.000002	0.000002
1891-07	1	0.000002	0.000003
1892-10	3	0.000005	0.000008
1893-05	1	0.000002	0.000010
1894-01	1	0.000002	0.000012
1894-05	2	0.000003	0.000015
1894-07	5	0.000008	0.000024
1894-10	3	0.000005	0.000029
1894-12	5	0.000008	0.000037
1895-01	1	0.000002	0.000039
1895-03	1	0.000002	0.000041
1895-05	7	0.000012	0.000053
1895-06	1	0.000002	0.000054
1895-07	8	0.000014	0.000068
1895-08	1	0.000002	0.000070
1895-11	9	0.000015	0.000085
1895-12	9	0.000015	0.000100
1896-01	7	0.000012	0.000112
1896-02	12	0.000020	0.000132
1896-03	9	0.000015	0.000148
1896-04	8	0.000014	0.000161
1896-05	11	0.000019	0.000180
1896-06	25	0.000042	0.000222
1896-07	140	0.000238	0.000460
1896-08	8	0.000014	0.000474
1896-09	74	0.000126	0.000599
1896-10	34	0.000058	0.000657
1896-11	39	0.000066	0.000723
1896-12	31	0.000053	0.000776
1897-01	20	0.000034	0.000810
1897-02	34	0.000058	0.000868
1897-03	64	0.000109	0.000976
1897-04	48	0.000082	0.001058
1897-05	39	0.000066	0.001124
1897-06	25	0.000042	0.001167
1897-07	123	0.000209	0.001375
1897-08	14	0.000024	0.001399
1897-09	43	0.000073	0.001472
1897-10	83	0.000141	0.001613
1897-11	25	0.000042	0.001656
1897-12	59	0.000100	0.001756
1898-01	31	0.000053	0.001808
1898-02	68	0.000115	0.001924
1898-03	56	0.000095	0.002019
1898-04	43	0.000073	0.002092
1898-05	71	0.000121	0.002213
1898-06	89	0.000151	0.002364
1898-07	200	0.000340	0.002703
1898-08	82	0.000139	0.002843
1898-09	87	0.000148	0.002990
1898-10	70	0.000119	0.003109
1898-11	33	0.000056	0.003165
1898-12	26	0.000044	0.003209
1899-01	13	0.000022	0.003231
1899-02	8	0.000014	0.003245
1899-03	47	0.000080	0.003325
1899-04	87	0.000148	0.003473
1899-05	79	0.000134	0.003607
1899-06	73	0.000124	0.003731
1899-07	176	0.000299	0.004030
1899-08	59	0.000100	0.004130
1899-09	93	0.000158	0.004288
1899-10	89	0.000151	0.004439
1899-11	54	0.000092	0.004531
1899-12	51	0.000087	0.004617
1900-01	24	0.000041	0.004658
1900-02	42	0.000071	0.004729
1900-03	47	0.000080	0.004809
1900-04	32	0.000054	0.004863
1900-05	68	0.000115	0.004979
1900-06	61	0.000104	0.005082
1900-07	174	0.000295	0.005378
1900-08	57	0.000097	0.005475
1900-09	87	0.000148	0.005622
1900-10	38	0.000065	0.005687
1900-11	46	0.000078	0.005765
1900-12	25	0.000042	0.005807
1901-01	45	0.000076	0.005884
1901-02	44	0.000075	0.005959
1901-03	30	0.000051	0.006010
1901-04	42	0.000071	0.006081
1901-05	43	0.000073	0.006154
1901-06	92	0.000156	0.006310
1901-07	248	0.000421	0.006731
1901-08	52	0.000088	0.006820
1901-09	69	0.000117	0.006937
1901-10	69	0.000117	0.007054
1901-11	40	0.000068	0.007122
1901-12	45	0.000076	0.007198
1902-01	31	0.000053	0.007251
1902-02	45	0.000076	0.007327
1902-03	37	0.000063	0.007390
1902-04	35	0.000059	0.007450
1902-05	114	0.000194	0.007643
1902-06	67	0.000114	0.007757
1902-07	152	0.000258	0.008015
1902-08	35	0.000059	0.008074
1902-09	123	0.000209	0.008283
1902-10	36	0.000061	0.008344
1902-11	173	0.000294	0.008638
1902-12	15	0.000025	0.008664
1903-01	482	0.000818	0.009482
1903-02	139	0.000236	0.009718
1903-03	56	0.000095	0.009813
1903-04	81	0.000138	0.009951
1903-05	91	0.000155	0.010105
1903-06	80	0.000136	0.010241
1903-07	327	0.000555	0.010796
1903-08	101	0.000172	0.010968
1903-09	110	0.000187	0.011155
1903-10	115	0.000195	0.011350
1903-11	103	0.000175	0.011525
1903-12	55	0.000093	0.011618
1904-01	89	0.000151	0.011769
1904-02	81	0.000138	0.011907
1904-03	87	0.000148	0.012055
1904-04	86	0.000146	0.012201
1904-05	95	0.000161	0.012362
1904-06	43	0.000073	0.012435
1904-07	240	0.000408	0.012843
1904-08	38	0.000065	0.012907
1904-09	46	0.000078	0.012985
1904-10	72	0.000122	0.013108
1904-11	23	0.000039	0.013147
1904-12	25	0.000042	0.013189
1905-01	10	0.000017	0.013206
1905-02	30	0.000051	0.013257
1905-03	24	0.000041	0.013298
1905-04	35	0.000059	0.013357
1905-05	30	0.000051	0.013408
1905-06	53	0.000090	0.013498
1905-07	170	0.000289	0.013787
1905-08	46	0.000078	0.013865
1905-09	59	0.000100	0.013965
1905-10	54	0.000092	0.014057
1905-11	47	0.000080	0.014137
1905-12	29	0.000049	0.014186
1906-01	20	0.000034	0.014220
1906-02	27	0.000046	0.014266
1906-03	47	0.000080	0.014345
1906-04	74	0.000126	0.014471
1906-05	62	0.000105	0.014576
1906-06	73	0.000124	0.014700
1906-07	207	0.000352	0.015052
1906-08	66	0.000112	0.015164
1906-09	65	0.000110	0.015274
1906-10	56	0.000095	0.015369
1906-11	50	0.000085	0.015454
1906-12	61	0.000104	0.015558
1907-01	58	0.000098	0.015656
1907-02	100	0.000170	0.015826
1907-03	78	0.000132	0.015959
1907-04	92	0.000156	0.016115
1907-05	82	0.000139	0.016254
1907-06	124	0.000211	0.016465
1907-07	418	0.000710	0.017174
1907-08	77	0.000131	0.017305
1907-09	122	0.000207	0.017512
1907-10	135	0.000229	0.017742
1907-11	149	0.000253	0.017995
1907-12	86	0.000146	0.018141
1908-01	105	0.000178	0.018319
1908-02	133	0.000226	0.018545
1908-03	182	0.000309	0.018854
1908-04	192	0.000326	0.019180
1908-05	270	0.000458	0.019638
1908-06	164	0.000278	0.019917
1908-07	657	0.001116	0.021033
1908-08	150	0.000255	0.021287
1908-09	161	0.000273	0.021561
1908-10	184	0.000312	0.021873
1908-11	170	0.000289	0.022162
1908-12	164	0.000278	0.022440
1909-01	147	0.000250	0.022690
1909-02	171	0.000290	0.022980
1909-03	161	0.000273	0.023254
1909-04	163	0.000277	0.023530
1909-05	181	0.000307	0.023838
1909-06	221	0.000375	0.024213
1909-07	760	0.001291	0.025504
1909-08	168	0.000285	0.025789
1909-09	188	0.000319	0.026108
1909-10	211	0.000358	0.026466
1909-11	238	0.000404	0.026871
1909-12	256	0.000435	0.027305
1910-01	265	0.000450	0.027755
1910-02	185	0.000314	0.028069
1910-03	229	0.000389	0.028458
1910-04	243	0.000413	0.028871
1910-05	227	0.000385	0.029256
1910-06	255	0.000433	0.029689
1910-07	935	0.001588	0.031277
1910-08	271	0.000460	0.031737
1910-09	289	0.000491	0.032228
1910-10	311	0.000528	0.032756
1910-11	339	0.000576	0.033332
1910-12	398	0.000676	0.034008
1911-01	340	0.000577	0.034585
1911-02	322	0.000547	0.035132
1911-03	390	0.000662	0.035794
1911-04	390	0.000662	0.036456
1911-05	386	0.000655	0.037112
1911-06	392	0.000666	0.037777
1911-07	925	0.001571	0.039348
1911-08	432	0.000734	0.040082
1911-09	440	0.000747	0.040829
1911-10	461	0.000783	0.041612
1911-11	454	0.000771	0.042383
1911-12	480	0.000815	0.043198
1912-01	541	0.000919	0.044116
1912-02	475	0.000807	0.044923
1912-03	520	0.000883	0.045806
1912-04	509	0.000864	0.046670
1912-05	545	0.000925	0.047596
1912-06	533	0.000905	0.048501
1912-07	1054	0.001790	0.050291
1912-08	563	0.000956	0.051247
1912-09	570	0.000968	0.052215
1912-10	669	0.001136	0.053351
1912-11	638	0.001083	0.054434
1912-12	681	0.001156	0.055590
1913-01	635	0.001078	0.056669
1913-02	628	0.001066	0.057735
1913-03	686	0.001165	0.058900
1913-04	726	0.001233	0.060133
1913-05	692	0.001175	0.061308
1913-06	634	0.001077	0.062384
1913-07	1197	0.002033	0.064417
1913-08	599	0.001017	0.065434
1913-09	589	0.001000	0.066434
1913-10	645	0.001095	0.067530
1913-11	626	0.001063	0.068593
1913-12	712	0.001209	0.069802
1914-01	646	0.001097	0.070899
1914-02	590	0.001002	0.071901
1914-03	638	0.001083	0.072984
1914-04	632	0.001073	0.074057
1914-05	654	0.001111	0.075168
1914-06	603	0.001024	0.076192
1914-07	842	0.001430	0.077621
1914-08	547	0.000929	0.078550
1914-09	558	0.000948	0.079498
1914-10	633	0.001075	0.080573
1914-11	684	0.001161	0.081734
1914-12	678	0.001151	0.082885
1915-01	648	0.001100	0.083986
1915-02	607	0.001031	0.085017
1915-03	702	0.001192	0.086209
1915-04	655	0.001112	0.087321
1915-05	615	0.001044	0.088365
1915-06	604	0.001026	0.089391
1915-07	666	0.001131	0.090522
1915-08	516	0.000876	0.091398
1915-09	538	0.000914	0.092312
1915-10	562	0.000954	0.093266
1915-11	608	0.001032	0.094298
1915-12	543	0.000922	0.095220
1916-01	505	0.000858	0.096078
1916-02	442	0.000751	0.096828
1916-03	450	0.000764	0.097593
1916-04	443	0.000752	0.098345
1916-05	450	0.000764	0.099109
1916-06	404	0.000686	0.099795
1916-07	547	0.000929	0.100724
1916-08	405	0.000688	0.101412
1916-09	396	0.000672	0.102084
1916-10	445	0.000756	0.102840
1916-11	374	0.000635	0.103475
1916-12	432	0.000734	0.104208
1917-01	382	0.000649	0.104857
1917-02	339	0.000576	0.105433
1917-03	361	0.000613	0.106046
1917-04	388	0.000659	0.106705
1917-05	325	0.000552	0.107256
1917-06	334	0.000567	0.107824
1917-07	413	0.000701	0.108525
1917-08	247	0.000419	0.108944
1917-09	283	0.000481	0.109425
1917-10	298	0.000506	0.109931
1917-11	260	0.000442	0.110372
1917-12	297	0.000504	0.110877
1918-01	268	0.000455	0.111332
1918-02	270	0.000458	0.111790
1918-03	309	0.000525	0.112315
1918-04	277	0.000470	0.112785
1918-05	255	0.000433	0.113218
1918-06	260	0.000442	0.113660
1918-07	365	0.000620	0.114280
1918-08	199	0.000338	0.114618
1918-09	280	0.000475	0.115093
1918-10	207	0.000352	0.115445
1918-11	141	0.000239	0.115684
1918-12	268	0.000455	0.116139
1919-01	226	0.000384	0.116523
1919-02	208	0.000353	0.116876
1919-03	256	0.000435	0.117311
1919-04	225	0.000382	0.117693
1919-05	241	0.000409	0.118102
1919-06	259	0.000440	0.118542
1919-07	349	0.000593	0.119135
1919-08	223	0.000379	0.119513
1919-09	245	0.000416	0.119929
1919-10	208	0.000353	0.120282
1919-11	256	0.000435	0.120717
1919-12	237	0.000402	0.121120
1920-01	265	0.000450	0.121570
1920-02	252	0.000428	0.121998
1920-03	278	0.000472	0.122470
1920-04	212	0.000360	0.122830
1920-05	229	0.000389	0.123218
1920-06	184	0.000312	0.123531
1920-07	377	0.000640	0.124171
1920-08	248	0.000421	0.124592
1920-09	250	0.000425	0.125017
1920-10	350	0.000594	0.125611
1920-11	304	0.000516	0.126127
1920-12	291	0.000494	0.126621
1921-01	261	0.000443	0.127065
1921-02	234	0.000397	0.127462
1921-03	264	0.000448	0.127910
1921-04	278	0.000472	0.128382
1921-05	244	0.000414	0.128797
1921-06	230	0.000391	0.129187
1921-07	328	0.000557	0.129744
1921-08	186	0.000316	0.130060
1921-09	274	0.000465	0.130525
1921-10	244	0.000414	0.130940
1921-11	259	0.000440	0.131380
1921-12	256	0.000435	0.131814
1922-01	269	0.000457	0.132271
1922-02	214	0.000363	0.132634
1922-03	233	0.000396	0.133030
1922-04	225	0.000382	0.133412
1922-05	179	0.000304	0.133716
1922-06	184	0.000312	0.134029
1922-07	252	0.000428	0.134456
1922-08	158	0.000268	0.134725
1922-09	191	0.000324	0.135049
1922-10	269	0.000457	0.135506
1922-11	220	0.000374	0.135879
1922-12	255	0.000433	0.136312
1923-01	178	0.000302	0.136615
1923-02	189	0.000321	0.136936
1923-03	207	0.000352	0.137287
1923-04	191	0.000324	0.137612
1923-05	139	0.000236	0.137848
1923-06	150	0.000255	0.138102
1923-07	213	0.000362	0.138464
1923-08	140	0.000238	0.138702
1923-09	169	0.000287	0.138989
1923-10	179	0.000304	0.139293
1923-11	171	0.000290	0.139583
1923-12	212	0.000360	0.139943
1924-01	189	0.000321	0.140264
1924-02	180	0.000306	0.140570
1924-03	186	0.000316	0.140885
1924-04	167	0.000284	0.141169
1924-05	163	0.000277	0.141446
1924-06	161	0.000273	0.141719
1924-07	252	0.000428	0.142147
1924-08	175	0.000297	0.142444
1924-09	161	0.000273	0.142718
1924-10	214	0.000363	0.143081
1924-11	210	0.000357	0.143438
1924-12	193	0.000328	0.143765
1925-01	174	0.000295	0.144061
1925-02	177	0.000301	0.144361
1925-03	185	0.000314	0.144676
1925-04	164	0.000278	0.144954
1925-05	162	0.000275	0.145229
1925-06	152	0.000258	0.145487
1925-07	229	0.000389	0.145876
1925-08	161	0.000273	0.146149
1925-09	194	0.000329	0.146479
1925-10	208	0.000353	0.146832
1925-11	239	0.000406	0.147238
1925-12	186	0.000316	0.147554
1926-01	202	0.000343	0.147897
1926-02	170	0.000289	0.148186
1926-03	192	0.000326	0.148512
1926-04	148	0.000251	0.148763
1926-05	159	0.000270	0.149033
1926-06	143	0.000243	0.149276
1926-07	247	0.000419	0.149695
1926-08	153	0.000260	0.149955
1926-09	198	0.000336	0.150291
1926-10	252	0.000428	0.150719
1926-11	218	0.000370	0.151089
1926-12	236	0.000401	0.151490
1927-01	207	0.000352	0.151841
1927-02	197	0.000335	0.152176
1927-03	170	0.000289	0.152465
1927-04	205	0.000348	0.152813
1927-05	186	0.000316	0.153129
1927-06	164	0.000278	0.153407
1927-07	283	0.000481	0.153888
1927-08	157	0.000267	0.154154
1927-09	192	0.000326	0.154480
1927-10	218	0.000370	0.154851
1927-11	215	0.000365	0.155216
1927-12	204	0.000346	0.155562
1928-01	219	0.000372	0.155934
1928-02	191	0.000324	0.156258
1928-03	229	0.000389	0.156647
1928-04	177	0.000301	0.156948
1928-05	159	0.000270	0.157218
1928-06	160	0.000272	0.157489
1928-07	294	0.000499	0.157989
1928-08	147	0.000250	0.158238
1928-09	168	0.000285	0.158523
1928-10	164	0.000278	0.158802
1928-11	178	0.000302	0.159104
1928-12	174	0.000295	0.159400
1929-01	170	0.000289	0.159688
1929-02	182	0.000309	0.159997
1929-03	218	0.000370	0.160368
1929-04	176	0.000299	0.160666
1929-05	184	0.000312	0.160979
1929-06	156	0.000265	0.161244
1929-07	282	0.000479	0.161723
1929-08	146	0.000248	0.161971
1929-09	189	0.000321	0.162292
1929-10	141	0.000239	0.162531
1929-11	168	0.000285	0.162816
1929-12	171	0.000290	0.163107
1930-01	153	0.000260	0.163366
1930-02	131	0.000222	0.163589
1930-03	186	0.000316	0.163905
1930-04	135	0.000229	0.164134
1930-05	143	0.000243	0.164377
1930-06	125	0.000212	0.164589
1930-07	254	0.000431	0.165020
1930-08	137	0.000233	0.165253
1930-09	144	0.000245	0.165498
1930-10	148	0.000251	0.165749
1930-11	152	0.000258	0.166007
1930-12	141	0.000239	0.166246
1931-01	155	0.000263	0.166510
1931-02	152	0.000258	0.166768
1931-03	153	0.000260	0.167028
1931-04	154	0.000262	0.167289
1931-05	149	0.000253	0.167542
1931-06	116	0.000197	0.167739
1931-07	256	0.000435	0.168174
1931-08	122	0.000207	0.168381
1931-09	157	0.000267	0.168647
1931-10	165	0.000280	0.168928
1931-11	169	0.000287	0.169215
1931-12	179	0.000304	0.169519
1932-01	143	0.000243	0.169761
1932-02	144	0.000245	0.170006
1932-03	175	0.000297	0.170303
1932-04	150	0.000255	0.170558
1932-05	122	0.000207	0.170765
1932-06	98	0.000166	0.170931
1932-07	208	0.000353	0.171285
1932-08	123	0.000209	0.171493
1932-09	157	0.000267	0.171760
1932-10	163	0.000277	0.172037
1932-11	153	0.000260	0.172297
1932-12	173	0.000294	0.172590
1933-01	132	0.000224	0.172815
1933-02	132	0.000224	0.173039
1933-03	157	0.000267	0.173305
1933-04	136	0.000231	0.173536
1933-05	117	0.000199	0.173735
1933-06	124	0.000211	0.173946
1933-07	221	0.000375	0.174321
1933-08	117	0.000199	0.174519
1933-09	135	0.000229	0.174749
1933-10	139	0.000236	0.174985
1933-11	154	0.000262	0.175246
1933-12	174	0.000295	0.175542
1934-01	141	0.000239	0.175781
1934-02	147	0.000250	0.176031
1934-03	195	0.000331	0.176362
1934-04	147	0.000250	0.176612
1934-05	147	0.000250	0.176861
1934-06	142	0.000241	0.177102
1934-07	264	0.000448	0.177551
1934-08	146	0.000248	0.177798
1934-09	140	0.000238	0.178036
1934-10	152	0.000258	0.178294
1934-11	160	0.000272	0.178566
1934-12	173	0.000294	0.178860
1935-01	142	0.000241	0.179101
1935-02	150	0.000255	0.179356
1935-03	173	0.000294	0.179649
1935-04	154	0.000262	0.179911
1935-05	150	0.000255	0.180166
1935-06	129	0.000219	0.180385
1935-07	281	0.000477	0.180862
1935-08	137	0.000233	0.181094
1935-09	153	0.000260	0.181354
1935-10	168	0.000285	0.181640
1935-11	157	0.000267	0.181906
1935-12	177	0.000301	0.182207
1936-01	148	0.000251	0.182458
1936-02	153	0.000260	0.182718
1936-03	167	0.000284	0.183001
1936-04	163	0.000277	0.183278
1936-05	151	0.000256	0.183535
1936-06	129	0.000219	0.183754
1936-07	305	0.000518	0.184272
1936-08	131	0.000222	0.184494
1936-09	152	0.000258	0.184752
1936-10	178	0.000302	0.185054
1936-11	161	0.000273	0.185328
1936-12	186	0.000316	0.185644
1937-01	144	0.000245	0.185888
1937-02	176	0.000299	0.186187
1937-03	160	0.000272	0.186459
1937-04	156	0.000265	0.186724
1937-05	159	0.000270	0.186994
1937-06	134	0.000228	0.187221
1937-07	298	0.000506	0.187727
1937-08	148	0.000251	0.187979
1937-09	166	0.000282	0.188260
1937-10	178	0.000302	0.188563
1937-11	154	0.000262	0.188824
1937-12	193	0.000328	0.189152
1938-01	179	0.000304	0.189456
1938-02	161	0.000273	0.189729
1938-03	198	0.000336	0.190065
1938-04	161	0.000273	0.190339
1938-05	131	0.000222	0.190561
1938-06	133	0.000226	0.190787
1938-07	313	0.000532	0.191319
1938-08	134	0.000228	0.191546
1938-09	176	0.000299	0.191845
1938-10	173	0.000294	0.192139
1938-11	150	0.000255	0.192394
1938-12	195	0.000331	0.192725
1939-01	163	0.000277	0.193001
1939-02	152	0.000258	0.193260
1939-03	188	0.000319	0.193579
1939-04	154	0.000262	0.193840
1939-05	154	0.000262	0.194102
1939-06	138	0.000234	0.194336
1939-07	269	0.000457	0.194793
1939-08	153	0.000260	0.195053
1939-09	150	0.000255	0.195307
1939-10	142	0.000241	0.195549
1939-11	140	0.000238	0.195786
1939-12	172	0.000292	0.196078
1940-01	148	0.000251	0.196330
1940-02	122	0.000207	0.196537
1940-03	143	0.000243	0.196780
1940-04	132	0.000224	0.197004
1940-05	129	0.000219	0.197223
1940-06	111	0.000188	0.197411
1940-07	263	0.000447	0.197858
1940-08	125	0.000212	0.198070
1940-09	143	0.000243	0.198313
1940-10	139	0.000236	0.198549
1940-11	135	0.000229	0.198778
1940-12	142	0.000241	0.199020
1941-01	114	0.000194	0.199213
1941-02	122	0.000207	0.199420
1941-03	124	0.000211	0.199631
1941-04	121	0.000205	0.199836
1941-05	117	0.000199	0.200035
1941-06	106	0.000180	0.200215
1941-07	297	0.000504	0.200719
1941-08	130	0.000221	0.200940
1941-09	151	0.000256	0.201196
1941-10	173	0.000294	0.201490
1941-11	118	0.000200	0.201691
1941-12	197	0.000335	0.202025
1942-01	127	0.000216	0.202241
1942-02	126	0.000214	0.202455
1942-03	136	0.000231	0.202686
1942-04	136	0.000231	0.202917
1942-05	129	0.000219	0.203136
1942-06	104	0.000177	0.203312
1942-07	217	0.000368	0.203681
1942-08	123	0.000209	0.203890
1942-09	140	0.000238	0.204127
1942-10	162	0.000275	0.204402
1942-11	135	0.000229	0.204632
1942-12	171	0.000290	0.204922
1943-01	116	0.000197	0.205119
1943-02	107	0.000182	0.205301
1943-03	133	0.000226	0.205527
1943-04	134	0.000228	0.205754
1943-05	116	0.000197	0.205951
1943-06	99	0.000168	0.206119
1943-07	198	0.000336	0.206455
1943-08	101	0.000172	0.206627
1943-09	116	0.000197	0.206824
1943-10	114	0.000194	0.207018
1943-11	136	0.000231	0.207248
1943-12	138	0.000234	0.207483
1944-01	84	0.000143	0.207625
1944-02	103	0.000175	0.207800
1944-03	104	0.000177	0.207977
1944-04	116	0.000197	0.208174
1944-05	99	0.000168	0.208342
1944-06	101	0.000172	0.208514
1944-07	208	0.000353	0.208867
1944-08	82	0.000139	0.209006
1944-09	96	0.000163	0.209169
1944-10	97	0.000165	0.209334
1944-11	92	0.000156	0.209490
1944-12	131	0.000222	0.209712
1945-01	78	0.000132	0.209845
1945-02	90	0.000153	0.209998
1945-03	92	0.000156	0.210154
1945-04	88	0.000149	0.210303
1945-05	94	0.000160	0.210463
1945-06	72	0.000122	0.210585
1945-07	190	0.000323	0.210908
1945-08	89	0.000151	0.211059
1945-09	103	0.000175	0.211234
1945-10	110	0.000187	0.211421
1945-11	111	0.000188	0.211609
1945-12	112	0.000190	0.211799
1946-01	98	0.000166	0.211966
1946-02	88	0.000149	0.212115
1946-03	89	0.000151	0.212266
1946-04	118	0.000200	0.212467
1946-05	108	0.000183	0.212650
1946-06	94	0.000160	0.212810
1946-07	228	0.000387	0.213197
1946-08	102	0.000173	0.213370
1946-09	114	0.000194	0.213564
1946-10	103	0.000175	0.213739
1946-11	94	0.000160	0.213898
1946-12	121	0.000205	0.214104
1947-01	87	0.000148	0.214251
1947-02	88	0.000149	0.214401
1947-03	108	0.000183	0.214584
1947-04	97	0.000165	0.214749
1947-05	113	0.000192	0.214941
1947-06	88	0.000149	0.215090
1947-07	270	0.000458	0.215549
1947-08	119	0.000202	0.215751
1947-09	101	0.000172	0.215922
1947-10	115	0.000195	0.216118
1947-11	102	0.000173	0.216291
1947-12	144	0.000245	0.216535
1948-01	100	0.000170	0.216705
1948-02	121	0.000205	0.216911
1948-03	127	0.000216	0.217126
1948-04	125	0.000212	0.217339
1948-05	101	0.000172	0.217510
1948-06	101	0.000172	0.217682
1948-07	281	0.000477	0.218159
1948-08	107	0.000182	0.218340
1948-09	133	0.000226	0.218566
1948-10	123	0.000209	0.218775
1948-11	131	0.000222	0.218998
1948-12	152	0.000258	0.219256
1949-01	102	0.000173	0.219429
1949-02	102	0.000173	0.219602
1949-03	125	0.000212	0.219814
1949-04	150	0.000255	0.220069
1949-05	143	0.000243	0.220312
1949-06	118	0.000200	0.220512
1949-07	313	0.000532	0.221044
1949-08	118	0.000200	0.221244
1949-09	144	0.000245	0.221489
1949-10	152	0.000258	0.221747
1949-11	149	0.000253	0.222000
1949-12	164	0.000278	0.222278
1950-01	130	0.000221	0.222499
1950-02	126	0.000214	0.222713
1950-03	148	0.000251	0.222964
1950-04	108	0.000183	0.223148
1950-05	119	0.000202	0.223350
1950-06	113	0.000192	0.223542
1950-07	323	0.000548	0.224090
1950-08	102	0.000173	0.224263
1950-09	158	0.000268	0.224532
1950-10	124	0.000211	0.224742
1950-11	141	0.000239	0.224982
1950-12	162	0.000275	0.225257
1951-01	116	0.000197	0.225454
1951-02	117	0.000199	0.225652
1951-03	163	0.000277	0.225929
1951-04	118	0.000200	0.226130
1951-05	131	0.000222	0.226352
1951-06	105	0.000178	0.226530
1951-07	315	0.000535	0.227065
1951-08	125	0.000212	0.227277
1951-09	128	0.000217	0.227495
1951-10	157	0.000267	0.227761
1951-11	164	0.000278	0.228040
1951-12	144	0.000245	0.228284
1952-01	137	0.000233	0.228517
1952-02	130	0.000221	0.228738
1952-03	159	0.000270	0.229008
1952-04	117	0.000199	0.229206
1952-05	135	0.000229	0.229436
1952-06	106	0.000180	0.229616
1952-07	321	0.000545	0.230161
1952-08	122	0.000207	0.230368
1952-09	137	0.000233	0.230601
1952-10	154	0.000262	0.230862
1952-11	135	0.000229	0.231091
1952-12	162	0.000275	0.231366
1953-01	122	0.000207	0.231574
1953-02	124	0.000211	0.231784
1953-03	147	0.000250	0.232034
1953-04	159	0.000270	0.232304
1953-05	122	0.000207	0.232511
1953-06	127	0.000216	0.232727
1953-07	347	0.000589	0.233316
1953-08	119	0.000202	0.233518
1953-09	134	0.000228	0.233745
1953-10	138	0.000234	0.233980
1953-11	146	0.000248	0.234228
1953-12	148	0.000251	0.234479
1954-01	118	0.000200	0.234679
1954-02	129	0.000219	0.234898
1954-03	138	0.000234	0.235133
1954-04	150	0.000255	0.235388
1954-05	112	0.000190	0.235578
1954-06	121	0.000205	0.235783
1954-07	323	0.000548	0.236332
1954-08	119	0.000202	0.236534
1954-09	147	0.000250	0.236783
1954-10	145	0.000246	0.237030
1954-11	130	0.000221	0.237250
1954-12	184	0.000312	0.237563
1955-01	137	0.000233	0.237795
1955-02	127	0.000216	0.238011
1955-03	126	0.000214	0.238225
1955-04	133	0.000226	0.238451
1955-05	147	0.000250	0.238700
1955-06	116	0.000197	0.238897
1955-07	335	0.000569	0.239466
1955-08	111	0.000188	0.239655
1955-09	170	0.000289	0.239943
1955-10	131	0.000222	0.240166
1955-11	120	0.000204	0.240370
1955-12	172	0.000292	0.240662
1956-01	132	0.000224	0.240886
1956-02	135	0.000229	0.241115
1956-03	152	0.000258	0.241373
1956-04	137	0.000233	0.241606
1956-05	123	0.000209	0.241815
1956-06	128	0.000217	0.242032
1956-07	385	0.000654	0.242686
1956-08	131	0.000222	0.242908
1956-09	140	0.000238	0.243146
1956-10	156	0.000265	0.243411
1956-11	147	0.000250	0.243661
1956-12	155	0.000263	0.243924
1957-01	116	0.000197	0.244121
1957-02	109	0.000185	0.244306
1957-03	135	0.000229	0.244535
1957-04	132	0.000224	0.244759
1957-05	166	0.000282	0.245041
1957-06	132	0.000224	0.245265
1957-07	408	0.000693	0.245958
1957-08	151	0.000256	0.246215
1957-09	146	0.000248	0.246462
1957-10	152	0.000258	0.246721
1957-11	122	0.000207	0.246928
1957-12	187	0.000318	0.247245
1958-01	126	0.000214	0.247459
1958-02	118	0.000200	0.247660
1958-03	121	0.000205	0.247865
1958-04	146	0.000248	0.248113
1958-05	137	0.000233	0.248346
1958-06	126	0.000214	0.248560
1958-07	429	0.000728	0.249288
1958-08	124	0.000211	0.249499
1958-09	142	0.000241	0.249740
1958-10	148	0.000251	0.249991
1958-11	126	0.000214	0.250205
1958-12	163	0.000277	0.250482
1959-01	129	0.000219	0.250701
1959-02	128	0.000217	0.250918
1959-03	121	0.000205	0.251124
1959-04	114	0.000194	0.251317
1959-05	133	0.000226	0.251543
1959-06	176	0.000299	0.251842
1959-07	356	0.000605	0.252447
1959-08	126	0.000214	0.252660
1959-09	122	0.000207	0.252868
1959-10	150	0.000255	0.253122
1959-11	125	0.000212	0.253335
1959-12	156	0.000265	0.253600
1960-01	121	0.000205	0.253805
1960-02	119	0.000202	0.254007
1960-03	149	0.000253	0.254260
1960-04	137	0.000233	0.254493
1960-05	128	0.000217	0.254710
1960-06	142	0.000241	0.254951
1960-07	375	0.000637	0.255588
1960-08	139	0.000236	0.255824
1960-09	153	0.000260	0.256084
1960-10	156	0.000265	0.256349
1960-11	127	0.000216	0.256564
1960-12	186	0.000316	0.256880
1961-01	112	0.000190	0.257070
1961-02	125	0.000212	0.257283
1961-03	139	0.000236	0.257519
1961-04	127	0.000216	0.257734
1961-05	179	0.000304	0.258038
1961-06	160	0.000272	0.258310
1961-07	428	0.000727	0.259037
1961-08	139	0.000236	0.259273
1961-09	126	0.000214	0.259487
1961-10	161	0.000273	0.259760
1961-11	135	0.000229	0.259989
1961-12	198	0.000336	0.260326
1962-01	127	0.000216	0.260541
1962-02	122	0.000207	0.260748
1962-03	152	0.000258	0.261007
1962-04	152	0.000258	0.261265
1962-05	154	0.000262	0.261526
1962-06	151	0.000256	0.261783
1962-07	530	0.000900	0.262683
1962-08	121	0.000205	0.262888
1962-09	149	0.000253	0.263141
1962-10	160	0.000272	0.263413
1962-11	141	0.000239	0.263652
1962-12	167	0.000284	0.263936
1963-01	111	0.000188	0.264124
1963-02	116	0.000197	0.264321
1963-03	126	0.000214	0.264535
1963-04	128	0.000217	0.264753
1963-05	160	0.000272	0.265024
1963-06	141	0.000239	0.265264
1963-07	583	0.000990	0.266254
1963-08	137	0.000233	0.266486
1963-09	139	0.000236	0.266722
1963-10	157	0.000267	0.266989
1963-11	135	0.000229	0.267218
1963-12	164	0.000278	0.267497
1964-01	124	0.000211	0.267707
1964-02	133	0.000226	0.267933
1964-03	139	0.000236	0.268169
1964-04	141	0.000239	0.268409
1964-05	131	0.000222	0.268631
1964-06	169	0.000287	0.268918
1964-07	663	0.001126	0.270044
1964-08	121	0.000205	0.270249
1964-09	179	0.000304	0.270553
1964-10	172	0.000292	0.270845
1964-11	115	0.000195	0.271041
1964-12	196	0.000333	0.271373
1965-01	122	0.000207	0.271581
1965-02	125	0.000212	0.271793
1965-03	165	0.000280	0.272073
1965-04	137	0.000233	0.272306
1965-05	155	0.000263	0.272569
1965-06	124	0.000211	0.272779
1965-07	687	0.001167	0.273946
1965-08	133	0.000226	0.274172
1965-09	158	0.000268	0.274440
1965-10	177	0.000301	0.274741
1965-11	143	0.000243	0.274984
1965-12	195	0.000331	0.275315
1966-01	126	0.000214	0.275529
1966-02	144	0.000245	0.275773
1966-03	168	0.000285	0.276058
1966-04	135	0.000229	0.276288
1966-05	144	0.000245	0.276532
1966-06	148	0.000251	0.276784
1966-07	789	0.001340	0.278123
1966-08	139	0.000236	0.278359
1966-09	152	0.000258	0.278617
1966-10	156	0.000265	0.278882
1966-11	139	0.000236	0.279118
1966-12	171	0.000290	0.279409
1967-01	127	0.000216	0.279624
1967-02	130	0.000221	0.279845
1967-03	148	0.000251	0.280097
1967-04	149	0.000253	0.280350
1967-05	148	0.000251	0.280601
1967-06	178	0.000302	0.280903
1967-07	726	0.001233	0.282136
1967-08	149	0.000253	0.282389
1967-09	160	0.000272	0.282661
1967-10	165	0.000280	0.282941
1967-11	172	0.000292	0.283233
1967-12	177	0.000301	0.283533
1968-01	135	0.000229	0.283763
1968-02	146	0.000248	0.284011
1968-03	173	0.000294	0.284304
1968-04	157	0.000267	0.284571
1968-05	178	0.000302	0.284873
1968-06	158	0.000268	0.285142
1968-07	583	0.000990	0.286132
1968-08	141	0.000239	0.286371
1968-09	157	0.000267	0.286638
1968-10	181	0.000307	0.286945
1968-11	151	0.000256	0.287201
1968-12	182	0.000309	0.287510
1969-01	145	0.000246	0.287757
1969-02	154	0.000262	0.288018
1969-03	190	0.000323	0.288341
1969-04	157	0.000267	0.288607
1969-05	195	0.000331	0.288938
1969-06	164	0.000278	0.289217
1969-07	711	0.001207	0.290424
1969-08	136	0.000231	0.290655
1969-09	173	0.000294	0.290949
1969-10	203	0.000345	0.291294
1969-11	160	0.000272	0.291565
1969-12	200	0.000340	0.291905
1970-01	174	0.000295	0.292201
1970-02	212	0.000360	0.292560
1970-03	198	0.000336	0.292897
1970-04	179	0.000304	0.293201
1970-05	198	0.000336	0.293537
1970-06	170	0.000289	0.293826
1970-07	708	0.001202	0.295028
1970-08	175	0.000297	0.295325
1970-09	199	0.000338	0.295663
1970-10	204	0.000346	0.296009
1970-11	215	0.000365	0.296374
1970-12	203	0.000345	0.296719
1971-01	192	0.000326	0.297045
1971-02	188	0.000319	0.297364
1971-03	209	0.000355	0.297719
1971-04	204	0.000346	0.298066
1971-05	176	0.000299	0.298365
1971-06	205	0.000348	0.298713
1971-07	761	0.001292	0.300005
1971-08	165	0.000280	0.300285
1971-09	187	0.000318	0.300603
1971-10	235	0.000399	0.301002
1971-11	164	0.000278	0.301280
1971-12	201	0.000341	0.301622
1972-01	184	0.000312	0.301934
1972-02	211	0.000358	0.302292
1972-03	210	0.000357	0.302649
1972-04	165	0.000280	0.302929
1972-05	183	0.000311	0.303240
1972-06	191	0.000324	0.303564
1972-07	778	0.001321	0.304885
1972-08	151	0.000256	0.305142
1972-09	169	0.000287	0.305429
1972-10	168	0.000285	0.305714
1972-11	202	0.000343	0.306057
1972-12	196	0.000333	0.306390
1973-01	194	0.000329	0.306719
1973-02	205	0.000348	0.307067
1973-03	203	0.000345	0.307412
1973-04	166	0.000282	0.307694
1973-05	211	0.000358	0.308052
1973-06	193	0.000328	0.308380
1973-07	765	0.001299	0.309679
1973-08	165	0.000280	0.309959
1973-09	180	0.000306	0.310265
1973-10	188	0.000319	0.310584
1973-11	174	0.000295	0.310879
1973-12	181	0.000307	0.311187
1974-01	168	0.000285	0.311472
1974-02	157	0.000267	0.311739
1974-03	210	0.000357	0.312095
1974-04	179	0.000304	0.312399
1974-05	195	0.000331	0.312730
1974-06	198	0.000336	0.313067
1974-07	778	0.001321	0.314388
1974-08	165	0.000280	0.314668
1974-09	191	0.000324	0.314992
1974-10	223	0.000379	0.315371
1974-11	147	0.000250	0.315621
1974-12	182	0.000309	0.315930
1975-01	182	0.000309	0.316239
1975-02	162	0.000275	0.316514
1975-03	192	0.000326	0.316840
1975-04	163	0.000277	0.317117
1975-05	185	0.000314	0.317431
1975-06	152	0.000258	0.317689
1975-07	866	0.001471	0.319159
1975-08	170	0.000289	0.319448
1975-09	174	0.000295	0.319744
1975-10	193	0.000328	0.320071
1975-11	184	0.000312	0.320384
1975-12	191	0.000324	0.320708
1976-01	172	0.000292	0.321000
1976-02	147	0.000250	0.321250
1976-03	200	0.000340	0.321589
1976-04	199	0.000338	0.321927
1976-05	164	0.000278	0.322206
1976-06	183	0.000311	0.322517
1976-07	889	0.001510	0.324026
1976-08	147	0.000250	0.324276
1976-09	196	0.000333	0.324609
1976-10	248	0.000421	0.325030
1976-11	173	0.000294	0.325323
1976-12	203	0.000345	0.325668
1977-01	148	0.000251	0.325919
1977-02	160	0.000272	0.326191
1977-03	208	0.000353	0.326544
1977-04	188	0.000319	0.326864
1977-05	165	0.000280	0.327144
1977-06	179	0.000304	0.327448
1977-07	865	0.001469	0.328917
1977-08	137	0.000233	0.329149
1977-09	203	0.000345	0.329494
1977-10	187	0.000318	0.329811
1977-11	162	0.000275	0.330087
1977-12	188	0.000319	0.330406
1978-01	147	0.000250	0.330655
1978-02	206	0.000350	0.331005
1978-03	189	0.000321	0.331326
1978-04	164	0.000278	0.331605
1978-05	170	0.000289	0.331893
1978-06	180	0.000306	0.332199
1978-07	774	0.001314	0.333513
1978-08	145	0.000246	0.333760
1978-09	198	0.000336	0.334096
1978-10	215	0.000365	0.334461
1978-11	207	0.000352	0.334812
1978-12	175	0.000297	0.335110
1979-01	195	0.000331	0.335441
1979-02	157	0.000267	0.335707
1979-03	198	0.000336	0.336043
1979-04	165	0.000280	0.336324
1979-05	171	0.000290	0.336614
1979-06	166	0.000282	0.336896
1979-07	849	0.001442	0.338338
1979-08	187	0.000318	0.338655
1979-09	211	0.000358	0.339013
1979-10	218	0.000370	0.339384
1979-11	180	0.000306	0.339689
1979-12	207	0.000352	0.340041
1980-01	191	0.000324	0.340365
1980-02	187	0.000318	0.340683
1980-03	197	0.000335	0.341017
1980-04	154	0.000262	0.341279
1980-05	167	0.000284	0.341562
1980-06	134	0.000228	0.341790
1980-07	817	0.001387	0.343177
1980-08	162	0.000275	0.343452
1980-09	214	0.000363	0.343816
1980-10	241	0.000409	0.344225
1980-11	156	0.000265	0.344490
1980-12	174	0.000295	0.344785
1981-01	169	0.000287	0.345072
1981-02	164	0.000278	0.345351
1981-03	174	0.000295	0.345646
1981-04	178	0.000302	0.345948
1981-05	178	0.000302	0.346251
1981-06	136	0.000231	0.346482
1981-07	789	0.001340	0.347821
1981-08	139	0.000236	0.348057
1981-09	220	0.000374	0.348431
1981-10	239	0.000406	0.348837
1981-11	147	0.000250	0.349087
1981-12	182	0.000309	0.349396
1982-01	160	0.000272	0.349667
1982-02	186	0.000316	0.349983
1982-03	191	0.000324	0.350307
1982-04	168	0.000285	0.350593
1982-05	178	0.000302	0.350895
1982-06	153	0.000260	0.351155
1982-07	783	0.001330	0.352484
1982-08	140	0.000238	0.352722
1982-09	206	0.000350	0.353072
1982-10	277	0.000470	0.353542
1982-11	134	0.000228	0.353770
1982-12	169	0.000287	0.354057
1983-01	171	0.000290	0.354347
1983-02	188	0.000319	0.354666
1983-03	186	0.000316	0.354982
1983-04	158	0.000268	0.355251
1983-05	156	0.000265	0.355515
1983-06	139	0.000236	0.355752
1983-07	801	0.001360	0.357112
1983-08	143	0.000243	0.357355
1983-09	217	0.000368	0.357723
1983-10	219	0.000372	0.358095
1983-11	162	0.000275	0.358370
1983-12	163	0.000277	0.358647
1984-01	190	0.000323	0.358969
1984-02	194	0.000329	0.359299
1984-03	153	0.000260	0.359559
1984-04	146	0.000248	0.359807
1984-05	163	0.000277	0.360083
1984-06	149	0.000253	0.360336
1984-07	862	0.001464	0.361800
1984-08	145	0.000246	0.362046
1984-09	223	0.000379	0.362425
1984-10	232	0.000394	0.362819
1984-11	162	0.000275	0.363094
1984-12	159	0.000270	0.363364
1985-01	197	0.000335	0.363699
1985-02	176	0.000299	0.363997
1985-03	176	0.000299	0.364296
1985-04	155	0.000263	0.364560
1985-05	173	0.000294	0.364853
1985-06	135	0.000229	0.365083
1985-07	1074	0.001824	0.366906
1985-08	163	0.000277	0.367183
1985-09	217	0.000368	0.367552
1985-10	260	0.000442	0.367993
1985-11	194	0.000329	0.368322
1985-12	144	0.000245	0.368567
1986-01	206	0.000350	0.368917
1986-02	167	0.000284	0.369200
1986-03	156	0.000265	0.369465
1986-04	173	0.000294	0.369759
1986-05	200	0.000340	0.370099
1986-06	132	0.000224	0.370323
1986-07	1035	0.001758	0.372080
1986-08	140	0.000238	0.372318
1986-09	196	0.000333	0.372651
1986-10	237	0.000402	0.373053
1986-11	166	0.000282	0.373335
1986-12	150	0.000255	0.373590
1987-01	192	0.000326	0.373916
1987-02	171	0.000290	0.374206
1987-03	164	0.000278	0.374485
1987-04	150	0.000255	0.374740
1987-05	203	0.000345	0.375084
1987-06	155	0.000263	0.375347
1987-07	1124	0.001909	0.377256
1987-08	163	0.000277	0.377533
1987-09	263	0.000447	0.377980
1987-10	237	0.000402	0.378382
1987-11	164	0.000278	0.378660
1987-12	170	0.000289	0.378949
1988-01	170	0.000289	0.379238
1988-02	232	0.000394	0.379632
1988-03	168	0.000285	0.379917
1988-04	191	0.000324	0.380241
1988-05	220	0.000374	0.380615
1988-06	179	0.000304	0.380919
1988-07	1123	0.001907	0.382826
1988-08	165	0.000280	0.383106
1988-09	262	0.000445	0.383551
1988-10	218	0.000370	0.383921
1988-11	165	0.000280	0.384201
1988-12	192	0.000326	0.384527
1989-01	216	0.000367	0.384894
1989-02	217	0.000368	0.385263
1989-03	195	0.000331	0.385594
1989-04	176	0.000299	0.385893
1989-05	180	0.000306	0.386198
1989-06	153	0.000260	0.386458
1989-07	1245	0.002114	0.388572
1989-08	166	0.000282	0.388854
1989-09	253	0.000430	0.389284
1989-10	202	0.000343	0.389627
1989-11	182	0.000309	0.389936
1989-12	176	0.000299	0.390235
1990-01	238	0.000404	0.390639
1990-02	223	0.000379	0.391017
1990-03	198	0.000336	0.391354
1990-04	187	0.000318	0.391671
1990-05	208	0.000353	0.392024
1990-06	152	0.000258	0.392283
1990-07	1289	0.002189	0.394471
1990-08	173	0.000294	0.394765
1990-09	272	0.000462	0.395227
1990-10	229	0.000389	0.395616
1990-11	214	0.000363	0.395979
1990-12	191	0.000324	0.396304
1991-01	219	0.000372	0.396675
1991-02	179	0.000304	0.396979
1991-03	175	0.000297	0.397277
1991-04	170	0.000289	0.397565
1991-05	217	0.000368	0.397934
1991-06	164	0.000278	0.398212
1991-07	1271	0.002158	0.400371
1991-08	164	0.000278	0.400649
1991-09	276	0.000469	0.401118
1991-10	218	0.000370	0.401488
1991-11	199	0.000338	0.401826
1991-12	185	0.000314	0.402140
1992-01	213	0.000362	0.402502
1992-02	207	0.000352	0.402853
1992-03	177	0.000301	0.403154
1992-04	200	0.000340	0.403493
1992-05	210	0.000357	0.403850
1992-06	166	0.000282	0.404132
1992-07	1273	0.002162	0.406293
1992-08	177	0.000301	0.406594
1992-09	277	0.000470	0.407064
1992-10	266	0.000452	0.407516
1992-11	173	0.000294	0.407810
1992-12	180	0.000306	0.408116
1993-01	173	0.000294	0.408409
1993-02	149	0.000253	0.408662
1993-03	150	0.000255	0.408917
1993-04	178	0.000302	0.409219
1993-05	216	0.000367	0.409586
1993-06	164	0.000278	0.409865
1993-07	1248	0.002119	0.411984
1993-08	169	0.000287	0.412271
1993-09	343	0.000582	0.412853
1993-10	270	0.000458	0.413312
1993-11	202	0.000343	0.413655
1993-12	155	0.000263	0.413918
1994-01	218	0.000370	0.414288
1994-02	216	0.000367	0.414655
1994-03	197	0.000335	0.414989
1994-04	183	0.000311	0.415300
1994-05	205	0.000348	0.415648
1994-06	189	0.000321	0.415969
1994-07	1313	0.002230	0.418199
1994-08	173	0.000294	0.418493
1994-09	329	0.000559	0.419051
1994-10	280	0.000475	0.419527
1994-11	191	0.000324	0.419851
1994-12	178	0.000302	0.420153
1995-01	234	0.000397	0.420551
1995-02	186	0.000316	0.420866
1995-03	236	0.000401	0.421267
1995-04	245	0.000416	0.421683
1995-05	240	0.000408	0.422091
1995-06	204	0.000346	0.422437
1995-07	1442	0.002449	0.424886
1995-08	196	0.000333	0.425219
1995-09	343	0.000582	0.425801
1995-10	298	0.000506	0.426307
1995-11	230	0.000391	0.426698
1995-12	227	0.000385	0.427083
1996-01	233	0.000396	0.427479
1996-02	210	0.000357	0.427835
1996-03	218	0.000370	0.428206
1996-04	212	0.000360	0.428566
1996-05	250	0.000425	0.428990
1996-06	278	0.000472	0.429462
1996-07	1657	0.002814	0.432276
1996-08	223	0.000379	0.432655
1996-09	374	0.000635	0.433290
1996-10	333	0.000565	0.433855
1996-11	315	0.000535	0.434390
1996-12	212	0.000360	0.434750
1997-01	248	0.000421	0.435171
1997-02	212	0.000360	0.435531
1997-03	212	0.000360	0.435891
1997-04	300	0.000509	0.436401
1997-05	260	0.000442	0.436842
1997-06	309	0.000525	0.437367
1997-07	1811	0.003075	0.440442
1997-08	269	0.000457	0.440899
1997-09	368	0.000625	0.441524
1997-10	421	0.000715	0.442239
1997-11	290	0.000492	0.442731
1997-12	198	0.000336	0.443067
1998-01	361	0.000613	0.443680
1998-02	269	0.000457	0.444137
1998-03	252	0.000428	0.444565
1998-04	310	0.000526	0.445091
1998-05	337	0.000572	0.445664
1998-06	340	0.000577	0.446241
1998-07	2056	0.003491	0.449732
1998-08	290	0.000492	0.450225
1998-09	514	0.000873	0.451098
1998-10	468	0.000795	0.451892
1998-11	465	0.000790	0.452682
1998-12	283	0.000481	0.453162
1999-01	363	0.000616	0.453779
1999-02	305	0.000518	0.454297
1999-03	329	0.000559	0.454855
1999-04	298	0.000506	0.455361
1999-05	361	0.000613	0.455974
1999-06	386	0.000655	0.456630
1999-07	2073	0.003520	0.460150
1999-08	338	0.000574	0.460724
1999-09	577	0.000980	0.461704
1999-10	534	0.000907	0.462611
1999-11	479	0.000813	0.463424
1999-12	334	0.000567	0.463991
2000-01	506	0.000859	0.464850
2000-02	404	0.000686	0.465536
2000-03	447	0.000759	0.466295
2000-04	444	0.000754	0.467049
2000-05	469	0.000796	0.467846
2000-06	528	0.000897	0.468742
2000-07	2387	0.004053	0.472796
2000-08	423	0.000718	0.473514
2000-09	638	0.001083	0.474597
2000-10	665	0.001129	0.475727
2000-11	606	0.001029	0.476756
2000-12	401	0.000681	0.477437
2001-01	667	0.001133	0.478569
2001-02	612	0.001039	0.479608
2001-03	582	0.000988	0.480597
2001-04	589	0.001000	0.481597
2001-05	594	0.001009	0.482606
2001-06	560	0.000951	0.483557
2001-07	2702	0.004588	0.488145
2001-08	560	0.000951	0.489096
2001-09	807	0.001370	0.490466
2001-10	933	0.001584	0.492050
2001-11	830	0.001409	0.493460
2001-12	533	0.000905	0.494365
2002-01	827	0.001404	0.495769
2002-02	676	0.001148	0.496917
2002-03	697	0.001184	0.498101
2002-04	785	0.001333	0.499434
2002-05	783	0.001330	0.500763
2002-06	786	0.001335	0.502098
2002-07	3288	0.005583	0.507681
2002-08	808	0.001372	0.509053
2002-09	961	0.001632	0.510685
2002-10	1048	0.001780	0.512465
2002-11	899	0.001527	0.513991
2002-12	568	0.000965	0.514956
2003-01	873	0.001482	0.516438
2003-02	822	0.001396	0.517834
2003-03	958	0.001627	0.519461
2003-04	920	0.001562	0.521023
2003-05	993	0.001686	0.522709
2003-06	888	0.001508	0.524217
2003-07	5048	0.008572	0.532789
2003-08	767	0.001302	0.534092
2003-09	1172	0.001990	0.536082
2003-10	1354	0.002299	0.538381
2003-11	1161	0.001971	0.540353
2003-12	716	0.001216	0.541568
2004-01	1094	0.001858	0.543426
2004-02	945	0.001605	0.545031
2004-03	1059	0.001798	0.546829
2004-04	1154	0.001960	0.548789
2004-05	1160	0.001970	0.550758
2004-06	1192	0.002024	0.552783
2004-07	5827	0.009895	0.562677
2004-08	983	0.001669	0.564347
2004-09	1466	0.002489	0.566836
2004-10	1723	0.002926	0.569762
2004-11	1475	0.002505	0.572266
2004-12	882	0.001498	0.573764
2005-01	1120	0.001902	0.575666
2005-02	1120	0.001902	0.577568
2005-03	1315	0.002233	0.579801
2005-04	1652	0.002805	0.582606
2005-05	1413	0.002399	0.585006
2005-06	1443	0.002450	0.587456
2005-07	6519	0.011070	0.598526
2005-08	1220	0.002072	0.600597
2005-09	1884	0.003199	0.603797
2005-10	2316	0.003933	0.607729
2005-11	1569	0.002664	0.610394
2005-12	1063	0.001805	0.612199
2006-01	1359	0.002308	0.614506
2006-02	1298	0.002204	0.616711
2006-03	1878	0.003189	0.619900
2006-04	1626	0.002761	0.622661
2006-05	1566	0.002659	0.625320
2006-06	1516	0.002574	0.627894
2006-07	6510	0.011055	0.638949
2006-08	1373	0.002331	0.641280
2006-09	1927	0.003272	0.644552
2006-10	2194	0.003726	0.648278
2006-11	1713	0.002909	0.651187
2006-12	1075	0.001825	0.653012
2007-01	1478	0.002510	0.655522
2007-02	1402	0.002381	0.657903
2007-03	1914	0.003250	0.661153
2007-04	1783	0.003028	0.664181
2007-05	1719	0.002919	0.667100
2007-06	1628	0.002764	0.669864
2007-07	6585	0.011182	0.681046
2007-08	1476	0.002506	0.683552
2007-09	1991	0.003381	0.686933
2007-10	2313	0.003928	0.690861
2007-11	1818	0.003087	0.693948
2007-12	1180	0.002004	0.695952
2008-01	1646	0.002795	0.698747
2008-02	1637	0.002780	0.701527
2008-03	1757	0.002984	0.704510
2008-04	2274	0.003861	0.708372
2008-05	2049	0.003479	0.711851
2008-06	1895	0.003218	0.715069
2008-07	6145	0.010435	0.725504
2008-08	1860	0.003158	0.728662
2008-09	2207	0.003748	0.732410
2008-10	2689	0.004566	0.736976
2008-11	2176	0.003695	0.740671
2008-12	1476	0.002506	0.743177
2009-01	1920	0.003260	0.746438
2009-02	1790	0.003040	0.749477
2009-03	1952	0.003315	0.752792
2009-04	2074	0.003522	0.756314
2009-05	2158	0.003664	0.759978
2009-06	1917	0.003255	0.763234
2009-07	5840	0.009917	0.773150
2009-08	1577	0.002678	0.775828
2009-09	2189	0.003717	0.779545
2009-10	2788	0.004734	0.784280
2009-11	2062	0.003501	0.787781
2009-12	1399	0.002376	0.790157
2010-01	1656	0.002812	0.792969
2010-02	1720	0.002921	0.795890
2010-03	1989	0.003378	0.799267
2010-04	2362	0.004011	0.803278
2010-05	2250	0.003821	0.807099
2010-06	1980	0.003362	0.810461
2010-07	4952	0.008409	0.818870
2010-08	1771	0.003007	0.821877
2010-09	2272	0.003858	0.825735
2010-10	2936	0.004986	0.830721
2010-11	2299	0.003904	0.834625
2010-12	1877	0.003187	0.837812
2011-01	1980	0.003362	0.841174
2011-02	1898	0.003223	0.844397
2011-03	2374	0.004031	0.848429
2011-04	2662	0.004520	0.852949
2011-05	2955	0.005018	0.857967
2011-06	2551	0.004332	0.862299
2011-07	4510	0.007658	0.869957
2011-08	2068	0.003512	0.873469
2011-09	2868	0.004870	0.878339
2011-10	3264	0.005543	0.883881
2011-11	2458	0.004174	0.888055
2011-12	1915	0.003252	0.891307
2012-01	2210	0.003753	0.895060
2012-02	2190	0.003719	0.898779
2012-03	2742	0.004656	0.903435
2012-04	2721	0.004621	0.908055
2012-05	2922	0.004962	0.913017
2012-06	2715	0.004610	0.917627
2012-07	4032	0.006847	0.924474
2012-08	2429	0.004125	0.928599
2012-09	2871	0.004875	0.933474
2012-10	3111	0.005283	0.938757
2012-11	2736	0.004646	0.943403
2012-12	2172	0.003688	0.947091
2013-01	2163	0.003673	0.950764
2013-02	2220	0.003770	0.954534
2013-03	2494	0.004235	0.958769
2013-04	2937	0.004987	0.963756
2013-05	2885	0.004899	0.968655
2013-06	2615	0.004441	0.973095
2013-07	3360	0.005706	0.978801
2013-08	2258	0.003834	0.982635
2013-09	2751	0.004671	0.987307
2013-10	2983	0.005065	0.992372
2013-11	2082	0.003535	0.995908
2013-12	1613	0.002739	0.998647
2014-01	797	0.001353	1.000000
